{"cameraMode":{"drawMode":0,"name":"Shaded","section":"Shading Mode"},"sceneLighting":true,"audioPlay":false,"sceneViewState":{"m_AlwaysRefresh":false,"showFog":true,"showSkybox":true,"showFlares":true,"showImageEffects":true,"showParticleSystems":true,"showVisualEffectGraphs":true,"m_FxEnabled":true},"in2DMode":false,"pivot":{"x":4.618926525115967,"y":1.5661708116531373,"z":3.990180730819702},"rotation":{"x":-0.19018512964248658,"y":0.11135442554950714,"z":-0.021717241033911706,"w":-0.9751712679862976},"size":4.225617408752441,"orthographic":false}