{"cameraMode":{"drawMode":0,"name":"Shaded","section":"Shading Mode"},"sceneLighting":false,"audioPlay":false,"sceneViewState":{"m_AlwaysRefresh":false,"showFog":true,"showSkybox":false,"showFlares":true,"showImageEffects":true,"showParticleSystems":true,"showVisualEffectGraphs":true,"m_FxEnabled":true},"in2DMode":false,"pivot":{"x":1.5195568799972535,"y":0.9721229672431946,"z":-1.5191537141799927},"rotation":{"x":0.06689298152923584,"y":-0.7922114133834839,"z":0.08830592036247254,"w":0.6001096367835999},"size":1.3909356594085694,"orthographic":false}